{
  "Name": "Fresh Iced Tea",
  "Description": "A refreshing and awakening drink.",
  "Category": "ArtisanGoods",
  "Edibility": 20,
  "EdibleIsDrink": true,
  "EdibleBuffs": {
	"Farming": 0,
	"Fishing": 0,
	"Mining": 0,
	"Luck": 0,
	"Foraging": 0,
	"MaxStamina": 5,
	"MagnetRadius": 0,
	"Speed": 2,
	"Defense": 5,
	"Attack": 0,
	"Duration": 300,
	},
  "Price": 180,
  "IsColored": false,
  "Recipe": null,
   "GiftTastes":
   {
       "Love": ["Caroline", "Lewis", "Sandy"],
       "Like": ["Abigail", "Elliott", "Emily", "Harvey", "Pierre", "Sam", "Haley", "Penny", "Demetrius", "Evelyn", "Kent", "Linus", "Marnie", "Robin"],
       "Neutral": ["Alex", "Maru", "Dwarf", "Gus", "Jodi", "Krobus", "Leah", "Pam", "Willy", "Wizard"],
       "Dislike": ["Jas", "Vincent", "Sebastian", "Shane", "Clint", "George"],
   },
   // Translations
  "NameLocalization": { 
    //"es": "",
    //"ko": "",
    //"de": "",
    //"fr": "",
    //"hu": "",
    //"it": "",
    //"ja": "",
    //"pt": "",
    "ru": "Освежающий Холодный Чай",
    //"tr": "",
    "zh": "鲜冰茶",
    },
  "DescriptionLocalization": { 
    //"es": "",
    //"ko": "",
    //"de": "",
    //"fr": "",
    //"hu": "",
    //"it": "",
    //"ja": "",
    //"pt": "",
    "ru": "Освежающий и бодрящий напиток.",
    //"tr": "",
    "zh": "提神醒脑的饮料。",
    },
    "EnableWithMod": "Hadi.FrozenTreatsJA",
}
