{
    "Name": "Tea Station",
    "Description": "Brews a variety of teas.",
    "Price": 1,
    "ProvidesLight": false,
    "ReserveNextIndex": true,
    "ReserveExtraIndexCount": 7,
    "Recipe":
    {
        "ResultCount": 1,
        "Ingredients": [
        {
            "Object": 388,
            "Count": 25,
        },
        {
            "Object": 380,
            "Count": 3,
        },
        ],
        "IsDefault": true,
    },
    "NameLocalization":
    {
        // "es": "",
        // "ko": "",
        // "de": "",
        // "fr": "",
        // "hu": "",
        // "it": "",
        // "ja": "",
        // "pt": "",
        "ru": "Чайный заварник",
        // "tr": "",
        "zh": "茶站",
    },
    "DescriptionLocalization":
    {
        // "es": "",
        // "ko": "",
        // "de": "",
        // "fr": "",
        // "hu": "",
        // "it": "",
        // "ja": "",
        // "pt": "",
        "ru": "Заваривает разнообразные сорта чая.",
        // "tr": "",
        "zh": "冲泡各种茶。",
    }
}
