﻿[
//Green Tea
{
    "ProducerName": "Tea Station",
    "InputIdentifier": "815",
    "MinutesUntilReady": 20,
    "OutputIdentifier": "614",
    "KeepInputQuality": true,
    "OutputStack": 1,
    "Sounds": ["Ship", "bubbles"],
},
//Fresh Corn Tea
{
    "ProducerName": "Tea Station",
    "InputIdentifier": "270",
    "MinutesUntilReady": 20,
    "OutputIdentifier": "Fresh Corn Tea",
    "KeepInputQuality": true,
    "OutputStack": 1,
    "Sounds": ["Ship", "bubbles"],
},
//Fresh Iced Tea
{
    "ProducerName": "Tea Station",
    "InputIdentifier": "Ice",
    "FuelIdentifier": "815",
        "FuelStack": 1,
    "MinutesUntilReady": 20,
    "OutputIdentifier": "Fresh Iced Tea",
    "KeepInputQuality": true,
    "OutputStack": 1,
    "Sounds": ["Ship", "bubbles"],
},
//Cherry Blossom Tea
{
    "ProducerName": "Tea Station",
    "InputIdentifier": "Cherry Blossom",
    "FuelIdentifier": "815",
        "FuelStack": 1,
    "MinutesUntilReady": 30,
    "OutputIdentifier": "Cherry Blossom Tea",
    "KeepInputQuality": true,
    "OutputStack": 1,
    "Sounds": ["Ship", "bubbles"],
},
//Winter Crops
{
    "ProducerName": "Tea Station",
    "InputIdentifier": "Mahonia",
    "MinutesUntilReady": 30,
    "OutputIdentifier": "Mahonia Tea",
    "KeepInputQuality": true,
    "OutputStack": 1,
    "Sounds": ["Ship", "bubbles"],
},
{
    "ProducerName": "Tea Station",
    "InputIdentifier": "Nettle Leaves",
    "MinutesUntilReady": 30,
    "OutputIdentifier": "Nettle Tea",
    "KeepInputQuality": true,
    "OutputStack": 1,
    "Sounds": ["Ship", "bubbles"],
},
{
    "ProducerName": "Tea Station",
    "InputIdentifier": "Christmas Rose",
    "MinutesUntilReady": 30,
    "OutputIdentifier": "Christmas Rose Tea",
    "KeepInputQuality": true,
    "OutputStack": 1,
    "Sounds": ["Ship", "bubbles"],
},

//More Tea JA
{ //Black Tea
  "ProducerName": "Tea Station",
  "InputIdentifier": "Black Tea Leaves",
  "MinutesUntilReady": 60,
  "OutputIdentifier": "Black-Tea",
  "KeepInputQuality": true,
  "OutputStack": 1,
  "Sounds": ["Ship", "bubbles"],
},
{ //Dark Tea
  "ProducerName": "Tea Station",
  "InputIdentifier": "Dark Tea Leaves",
  "MinutesUntilReady": 60,
  "OutputIdentifier": "Dark-Tea",
  "KeepInputQuality": true,
  "OutputStack": 1,
  "Sounds": ["Ship", "bubbles"],
},
{ //Green Tea
  "ProducerName": "Tea Station",
  "InputIdentifier": "Green Tea Leaves",
  "MinutesUntilReady": 60,
  "OutputIdentifier": "Green-Tea",
  "KeepInputQuality": true,
  "OutputStack": 1,
  "Sounds": ["Ship", "bubbles"],
},
{ //Oolong Tea
  "ProducerName": "Tea Station",
  "InputIdentifier": "Oolong Tea Leaves",
  "MinutesUntilReady": 60,
  "OutputIdentifier": "Oolong-Tea",
  "KeepInputQuality": true,
  "OutputStack": 1,
  "Sounds": ["Ship", "bubbles"],
},
{ //White Tea
  "ProducerName": "Tea Station",
  "InputIdentifier": "White Tea Leaves",
  "MinutesUntilReady": 60,
  "OutputIdentifier": "White-Tea",
  "KeepInputQuality": true,
  "OutputStack": 1,
  "Sounds": ["Ship", "bubbles"],
},
{ //Yellow Tea
  "ProducerName": "Tea Station",
  "InputIdentifier": "Yellow Tea Leaves",
  "MinutesUntilReady": 60,
  "OutputIdentifier": "Yellow-Tea",
  "KeepInputQuality": true,
  "OutputStack": 1,
  "Sounds": ["Ship", "bubbles"],
}, ]
