{
   "$schema": "https://smapi.io/schemas/content-patcher.json",
   "Format": "1.24.0",
   "ConfigSchema": {
      "ManualRecolourEnabled": {
         "AllowValues": "True, false",
         "Default": "false"
      },
   },
   "Changes": [
      //z_seasonsindoors: (season)_outdoorsTileSheet for use inside
      {
         "LogName": "Load z_seasonsindoors",
         "Action": "Load",
         "Target": "Maps/z_seasonsindoors",
         "FromFile": "assets/original/{{season}}_outdoorsTileSheet.png"
      },
      {
         "LogName": "Edit z_seasonsindoors",
         "Action": "EditImage",
         "Target": "Maps/z_seasonsindoors",
         "FromFile": "assets/manual-recolour/{{season}}_outdoorsTileSheet.png",
         "PatchMode": "Replace",
         "When": {
            "ManualRecolourEnabled": true
         }
      },
      //z_seasonsindoors2
      {
         "LogName": "Load z_seasonsindoors2",
         "Action": "Load",
         "Target": "Maps/z_seasonsindoors2",
         "FromFile": "assets/original/{{season}}_outdoorsTileSheet2.png"
      },
      {
         "LogName": "Edit z_seasonsindoors2",
         "Action": "EditImage",
         "Target": "Maps/z_seasonsindoors2",
         "FromFile": "assets/manual-recolour/{{season}}_outdoorsTileSheet2.png",
         "PatchMode": "Replace",
         "When": {
            "ManualRecolourEnabled": true
         }
      },
      //Z_foreverspring - tilesheet for using elements from the spring outdoors map in any season
      {
         "LogName": "Load z_foreverspring",
         "Action": "Load",
         "Target": "Maps/z_foreverspring",
         "FromFile": "assets/original/spring_outdoorsTileSheet.png"
      },
      {
         "LogName": "Edit z_foreverspring",
         "Action": "EditImage",
         "Target": "Maps/z_foreverspring",
         "FromFile": "assets/manual-recolour/spring_outdoorsTileSheet.png",
         "PatchMode": "Replace",
         "When": {
            "ManualRecolourEnabled": true
         }
      },
      //Z_foreverspring2 - tilesheet for using elements from the spring outdoors map in any season
      {
         "LogName": "Load z_foreverspring2",
         "Action": "Load",
         "Target": "Maps/z_foreverspring2",
         "FromFile": "assets/original/spring_outdoorsTileSheet2.png"
      },
      {
         "LogName": "Edit z_foreverspring2",
         "Action": "EditImage",
         "Target": "Maps/z_foreverspring2",
         "FromFile": "assets/manual-recolour/spring_outdoorsTileSheet2.png",
         "PatchMode": "Replace",
         "When": {
            "ManualRecolourEnabled": true
         }
      }
   ]
}