{
  "Name": "Fresh Corn Tea",
  "Description": "A calming and comforting hot drink.",
  "Category": "ArtisanGoods",
  "Edibility": 30,
  "EdibleIsDrink": true,
  "EdibleBuffs": {
    "Farming": 10,
    "Fishing": 0,
    "Mining": 0,
    "Luck": 0,
    "Foraging": 0,
    "MaxStamina": 5,
    "MagnetRadius": 10,
    "Speed": 0,
    "Defense": 0,
    "Attack": 0,
    "Duration": 300,
  },
  "Price": 180,
  "IsColored": false,
  "Recipe": null,
   "GiftTastes":
   {
       "Love": ["Jodi", "Krobus"],
       "Like": ["Abigail", "Elliott", "Emily", "Harvey", "Pierre", "Sam", "Haley", "Penny", "Demetrius", "Evelyn", "Kent", "Linus", "Marnie", "Robin","Caroline", "Lewis", "Sandy"],
       "Neutral": ["Alex", "Maru", "Dwarf", "Gus", "Leah", "Pam", "Willy", "Wizard"],
       "Dislike": ["Jas", "Vincent", "Sebastian", "Shane", "Clint", "George"],
   },
   // Translations
  "NameLocalization": { 
    //"es": "",
    //"ko": "",
    //"de": "",
    //"fr": "",
    //"hu": "",
    //"it": "",
    //"ja": "",
    //"pt": "",
    "ru": "Свежий кукурузный чай",
    //"tr": "",
    "zh": "鲜玉米茶",
    },
  "DescriptionLocalization": { 
    //"es": "",
    //"ko": "",
    //"de": "",
    //"fr": "",
    //"hu": "",
    //"it": "",
    //"ja": "",
    //"pt": "",
    "ru": "Успокаивающий и приятный горячий напиток.",
    //"tr": "",
    "zh": "镇静而舒适的热饮。",
    },
    }
